match,state,bill,status,summary,action,year,keep
19%,AL,SB365,Intro,"Admission tickets, resale of, issuers, primary ticket sales platforms and secondary ticket exchanges prohibited from engaging in certain activity, use of certain software to bypass security measures on a platform or exchange prohibited, Sec. 8-19E-2 ...",4/28/16,2016,1
19%,AL,HB435,Intro,"Admission tickets, resale of, issuers, primary ticket sales platforms and secondary ticket exchanges prohibited from engaging in certain activity, use of certain software to bypass security measures on a platform or exchange prohibited, Sec. 8-19E-2 ...",4/28/16,2016,1
20%,AL,HB265,Engross,"Ticket sales, use of non-transferable ticketing system auth. under limited circumstances, discrimination against holders of resold tickets prohibited, exceptions",4/27/17,2017,1
20%,AL,SB249,Intro,"Entertainment events, limiting the circumstances in which a ticket vendor or entertainment venue can place restrictions on the resale or transfer of tickets",4/16/19,2019,1
20%,AL,SB91,Intro,"Entertainment events, limiting the circumstances in which a ticket vendor or entertainment venue can place restrictions on the resale or transfer of tickets",2/4/20,2020,1
20%,AL,SB150,Intro,"Entertainment events, limiting the circumstances in which a ticket vendor or entertainment venue can place restrictions on the resale or transfer of tickets",2/2/21,2021,1
20%,AL,HB214,Intro,"Health, coronavirus vaccine, prohibit employers from taking adverse actions against an employee based on immunization status",2/2/21,2021,0
51%,AR,SB930,Fail,An Act To Establish The Ticket Resale And Consumer Protection Act.,5/17/13,2013,1
17%,AR,SB841,Fail,Concerning The Sale Of Event Tickets.,5/17/13,2013,1
12%,AR,SB797,Pass,Concerning The Sale Of Event Tickets.,4/1/15,2015,1
26%,AR,HB1650,Pass,Concerning The Sale Of Event Tickets; To Create The Event Ticketing And Resale Consumer Protection Act; And To Declare An Emergency.,4/11/23,2023,1
19%,AZ,HB2560,Fail,Event tickets; transferability,2/12/19,2019,1
20%,AZ,SB1521,Intro,Event tickets; transferability,3/5/20,2020,1
23%,AZ,HB2040,Prefile,Event online ticket sales,12/8/23,2023,1
53%,CA,AB329,Pass,Ticket sellers: equitable online ticket buying process: sale or use of circumventing software.,9/23/13,2013,1
53%,CA,AB329,Pass,Ticket sellers: equitable online ticket buying process: sale or use of circumventing software.,9/23/13,2013,0
12%,CA,AB8,Engross,Ticket sellers.,9/1/23,2023,1
12%,CO,SB060,Veto,Concerning consumer protections in event ticket sales.,6/6/23,2023,1
17%,CT,HB05228,Intro,To protect consumers who purchase tickets to sporting and entertainment events.,4/12/10,2010,1
12%,CT,SB00392,Intro,To impose various duties on operators of entertainment ticketing marketplaces and entertainment ticket resale marketplaces doing business in this state.,2/3/23,2023,1
21%,DC,PR20-0798,Pass,Ticketmaster Llc Ticketing Services Contract Approval Resolution Of 2014,6/20/14,2014,0
18%,DC,PR20-0694,Intro,District Of Columbia Commission On Human Rights David Scruggs Confirmation Resolution Of 2014,6/26/14,2014,0
21%,DC,PR20-0798,Pass,Ticketmaster Llc Ticketing Services Contract Approval Resolution Of 2014,6/20/14,2014,0
18%,DC,PR20-0694,Intro,District Of Columbia Commission On Human Rights David Scruggs Confirmation Resolution Of 2014,6/26/14,2014,0
12%,DC,B21-0113,Pass,"This legislation maintains criminal penalties for violations of the Vending Regulation Act of 2009 that were inadvertently removed by prior legislation. It sets the penalty for vending violations at a $500 fine, ninety days in prison, or both..",3/25/16,2016,0
12%,DC,B21-0532,Pass,Vending Regulations Emergency Amendment Act Of 2015,1/15/16,2016,0
17%,DC,B21-0113,Pass,"This legislation maintains criminal penalties for violations of the Vending Regulation Act of 2009 that were inadvertently removed by prior legislation. It sets the penalty for vending violations at a $500 fine, ninety days in prison, or both..",3/25/16,2016,0
17%,DC,B21-0532,Pass,Vending Regulations Emergency Amendment Act Of 2015,1/15/16,2016,0
17%,FL,S1190,Fail,Provides legislative intent and purpose. Defines terms. Requires the original seller of tickets to an event held at a publically owned venue to keep all receipts from the ticket sales until the event occurs and return the charges to the purchaser und...,4/30/10,2010,1
17%,FL,H0571,Fail,Requires original seller of event tickets to keep charges from ticket sales until event occurs & return charges to purchaser under certain circumstances; provides exceptions.,4/30/10,2010,1
16%,FL,H1091,Intro,Provides legislative intent & purpose; defines terms; requires original seller of tickets to event held at publicly owned venue to keep all receipts from ticket sales until event occurs or to require person or entity seeking advance release of ticket...,5/7/11,2011,1
35%,FL,H0225,Fail,"Defines term ""original ticket seller""; requires original ticket seller to provide advance public notice of ticket policies for any event that takes place in facility that receives public funding; provides requirements for such notice; requires origin...",3/9/12,2012,1
35%,FL,H1353,Fail,Provides enhance criminal penalties for second & subsequent violations concerning fraudulent creation or possession of admission ticket; provides criminal penalties for persons who commit such violations involving more than specified number of admiss...,5/3/13,2013,1
18%,FL,S1652,Fail,Providing enhanced criminal penalties for second and subsequent violations concerning fraudulent creation or possession of admission ticket; requiring ticket brokers to make specified disclosures to prospective buyers; prohibiting ticket brokers from...,5/3/13,2013,1
35%,FL,H1003,Fail,Provides enhanced criminal penalties for second & subsequent violations concerning fraudulent creation or possession of admission tickets; provides criminal penalties for persons who commit such violations involving more than specified number of ...,5/2/14,2014,1
35%,FL,S1136,Fail,Providing enhanced criminal penalties for second and subsequent violations concerning fraudulent creation or possession of admission tickets; providing criminal penalties for persons who commit such violations involving more than a specified number o...,5/2/14,2014,1
26%,FL,H0463,Intro,"Revises provisions to include digital platforms; revises certain presale disclosure requirements; revises provisions relating to prohibitions on bypassing portions of ticket buying process, disguising identity of buyer, or circumventing security meas...",4/28/15,2015,1
13%,FL,S0742,Fail,"Revising certain presale disclosure requirements; revising provisions relating to prohibitions on bypassing portions of the ticket-buying process, disguising the identity of a buyer, or circumventing security measures; requiring specified disclosures...",5/1/15,2015,1
20%,FL,S0736,Fail,"Authorizing a ticket issuer to employ a nontransferable ticketing system only under specified circumstances; prohibiting a ticket buyer or seller from being penalized, discriminated against, or denied access to an event under certain circumstances, e...",5/3/19,2019,1
19%,FL,H0331,Intro,Requires ticket issuers to offer option for transferable tickets; prohibits discrimination against holders of such tickets; provides civil penalties.,2/28/19,2019,1
12%,FL,H0177,Intro,Prohibits live performance venues from entering into specified contracts for sale of tickets or requiring artists to distribute tickets through specific ticket platforms; specifies artists must be allowed to distribute tickets through use of ticket p...,11/2/23,2023,1
12%,FL,S0204,Intro,Prohibiting live performance venues from entering into specified contracts and covenants for the sale of tickets and licenses or from requiring artists to distribute tickets through specific ticket platforms; requiring live performance venues to allo...,11/27/23,2023,1
8%,GA,SR563,Pass,A RESOLUTION commending Berklee College of Music and recognizing the fifth anniversary of the Berklee College of Music's Atlanta Spring Break Trip; and for other purposes.,3/23/15,2015,0
11%,GA,SR563,Pass,A RESOLUTION commending Berklee College of Music and recognizing the fifth anniversary of the Berklee College of Music's Atlanta Spring Break Trip; and for other purposes.,3/23/15,2015,0
12%,GA,SR1093,Pass,A RESOLUTION celebrating the fifth anniversary of Berklee College of Music's annual Atlanta trip; and for other purposes.,3/21/18,2018,0
8%,GA,SR1093,Pass,A RESOLUTION celebrating the fifth anniversary of Berklee College of Music's annual Atlanta trip; and for other purposes.,3/21/18,2018,0
19%,HI,HB1166,Intro,Caps the service charges for a primary and secondary ticket seller. Requires website operators to guarantee refunds in certain circumstances and disclose that the website is not the primary ticket seller. Prohibits speculative tickets and the usage o...,2/21/19,2019,1
19%,HI,SB611,Intro,Caps the service charges for a primary and secondary ticket seller. Requires website operators to guarantee refunds in certain circumstances and disclose that the website is not the primary ticket seller. Prohibits speculative tickets and the usage o...,1/28/19,2019,1
19%,HI,HB1166,Intro,Caps the service charges for a primary and secondary ticket seller. Requires website operators to guarantee refunds in certain circumstances and disclose that the website is not the primary ticket seller. Prohibits speculative tickets and the usage o...,12/1/19,2019,0
19%,HI,SB611,Intro,Caps the service charges for a primary and secondary ticket seller. Requires website operators to guarantee refunds in certain circumstances and disclose that the website is not the primary ticket seller. Prohibits speculative tickets and the usage o...,12/1/19,2019,0
13%,HI,SB367,Intro,"Caps the service charges for a primary and secondary ticket seller. Requires website operators to guarantee refunds in certain circumstances and disclose that the website is not the primary ticket seller. Prohibits variable demand pricing, speculativ...",1/25/23,2023,1
20%,ID,S1381,Enroll,CORONAVIRUS -- Adds to existing law to establish the Coronavirus Pause Act to prohibit certain actions related to coronavirus.,3/28/22,2022,0
12%,ID,S1088,Intro,CORONAVIRUS -- Adds to existing law to establish the Coronavirus Stop Act to prohibit certain actions related to coronavirus.,2/14/23,2023,0
12%,ID,S1130,Pass,CORONAVIRUS -- Adds to existing law to establish the Coronavirus Stop Act to prohibit certain actions related to coronavirus.,4/6/23,2023,0
11%,IL,HR1315,Pass,Recognizes the 10th anniversary of the Chicago Theatre District and congratulates the district's staff and performers on bringing entertainment and economic development to the people of Chicago.,11/16/10,2010,0
19%,IL,SB2344,Intro,Reinserts the provisions of the introduced bill with the following changes. Adds a provision concerning refund alternatives for ticket order cancellations and postponements due to events caused by epidemics and pandemics (rather than ticketed events ...,4/23/21,2021,1
19%,IL,SB2344,Intro,Reinserts the provisions of the introduced bill with the following changes. Adds a provision concerning refund alternatives for ticket order cancellations and postponements due to events caused by epidemics and pandemics (rather than ticketed events ...,4/23/21,2021,0
19%,IL,HB5444,Intro,"Amends the Ticket Sale and Resale Act. Revises the nomenclature used in the Act. Provides for the regulation of primary sellers and venues (rather than a theater, circus, baseball park, and place of public entertainment or amusement). Provides for re...",4/29/22,2022,1
19%,IL,HB5444,Intro,"Amends the Ticket Sale and Resale Act. Revises the nomenclature used in the Act. Provides for the regulation of primary sellers and venues (rather than a theater, circus, baseball park, and place of public entertainment or amusement). Provides for re...",4/29/22,2022,0
20%,IN,SB0554,Pass,Economic development. Provides that the Indiana economic development corporation (IEDC) may renew an enterprise zone that is established in an inactive or closed military base (enterprise zone) for not more than 10 years subject to certain criteria. …,5/2/19,2019,0
20%,IN,HB1331,Intro,Ticket sales. Provides that a ticket issuer shall not issue a ticket exclusively through a delivery method that substantially prevents the ticket purchaser from lawfully transferring or reselling the ticket through certain methods. Provides that a pe...,1/27/20,2020,1
18%,KS,SB2,Engross,Allowing consumption of beer and wine on the Kansas state fairgrounds and crediting a portion of moneys collected from the liquor enforcement tax to the state fair capital improvements fund.,3/25/21,2021,0
20%,KS,HB2670,Fail,"Prohibiting certain acts by business entities, governmental entities or public officials based upon a person's vaccination status or possession of an immunity passport, amending the Kansas act against discrimination to define unlawful employment prac...",5/23/22,2022,0
20%,KS,SB437,Fail,"Prohibiting certain acts by business entities, governmental entities or public officials based upon a person's vaccination status or possession of an immunity passport, amending the Kansas act against discrimination to define unlawful employment prac...",5/23/22,2022,0
20%,KS,HB2449,Fail,"Prohibiting stay-at-home orders and curfews and certain public and private entities from requiring vaccinations, requiring the capitol and legislative meetings be open to the public and protecting the freedom of worship and operation of private busin...",5/23/22,2022,0
19%,KS,HCR5017,Fail,Supporting the adoption of the COVID-19 Vaccine Bill of Rights,5/23/22,2022,0
20%,KS,HB2670,Fail,"Prohibiting certain acts by business entities, governmental entities or public officials based upon a person's vaccination status or possession of an immunity passport, amending the Kansas act against discrimination to define unlawful employment prac...",5/23/22,2022,0
20%,KS,SB437,Fail,"Prohibiting certain acts by business entities, governmental entities or public officials based upon a person's vaccination status or possession of an immunity passport, amending the Kansas act against discrimination to define unlawful employment prac...",5/23/22,2022,0
20%,KS,HB2449,Fail,"Prohibiting stay-at-home orders and curfews and certain public and private entities from requiring vaccinations, requiring the capitol and legislative meetings be open to the public and protecting the freedom of worship and operation of private busin...",5/23/22,2022,0
19%,KS,HCR5017,Fail,Supporting the adoption of the COVID-19 Vaccine Bill of Rights,5/23/22,2022,0
35%,LA,HB1447,Intro,Enacts the Event Tickets Reform Act,4/21/10,2010,1
13%,LA,HB341,Engross,Provides relative to live event ticketing,4/25/23,2023,1
3%,MA,S1860,Intro,For legislation to establish sentencing guidelines,1/20/09,2009,0
14%,MA,H1518,Intro,Establish sentencing guidelines for convictions of criminal offenses in the Commonwealth,5/19/10,2010,0
35%,MA,H1893,Intro,Relative to the issuance and sale of sports and entertainment tickets,6/6/12,2012,1
35%,MA,H1893,Intro,Relative to the issuance and sale of sports and entertainment tickets,6/6/12,2012,0
35%,MA,H177,Intro,"For legislation reform the sale, resale and issuance of sports and entertainment tickets. Consumer Protection and Professional Licensure.",6/9/14,2014,1
35%,MA,H260,Intro,Relative to the issuance and sale of sports and entertainment tickets. Consumer Protection and Professional Licensure.,7/29/14,2014,1
35%,MA,S160,Intro,For legislation to reform the issuance and sale of sports and entertainment tickets. Consumer Protection and Professional Licensure.,6/9/14,2014,1
35%,MA,S144,Intro,For legislation relative to the fair distribution and pricing of event tickets. Consumer Protection and Professional Licensure.,6/9/14,2014,1
35%,MA,H177,Intro,"For legislation reform the sale, resale and issuance of sports and entertainment tickets. Consumer Protection and Professional Licensure.",6/9/14,2014,0
35%,MA,H260,Intro,Relative to the issuance and sale of sports and entertainment tickets. Consumer Protection and Professional Licensure.,7/29/14,2014,0
35%,MA,S160,Intro,For legislation to reform the issuance and sale of sports and entertainment tickets. Consumer Protection and Professional Licensure.,6/9/14,2014,0
35%,MA,S144,Intro,For legislation relative to the fair distribution and pricing of event tickets. Consumer Protection and Professional Licensure.,6/9/14,2014,0
26%,MA,S187,Intro,For legislation relative to the fair distribution and pricing of event tickets. Consumer Protection and Professional Licensure.,6/6/16,2016,1
13%,MA,H4335,Intro,To reform the issuance and sale of sports and entertainment tickets,5/26/16,2016,1
12%,MA,H237,Intro,Relative to the issuance and sale of sports and entertainment tickets. Consumer Protection and Professional Licensure.,5/26/16,2016,1
11%,MA,S2435,Intro,"Relative to job creation, workforce development and infrastructure investment (House, No. 4483) (being the text of Senate, No. 2423, printed as amended)",7/14/16,2016,1
36%,MA,S187,Intro,For legislation relative to the fair distribution and pricing of event tickets. Consumer Protection and Professional Licensure.,6/6/16,2016,0
18%,MA,H4335,Intro,To reform the issuance and sale of sports and entertainment tickets,5/26/16,2016,0
17%,MA,H237,Intro,Relative to the issuance and sale of sports and entertainment tickets. Consumer Protection and Professional Licensure.,5/26/16,2016,0
15%,MA,S2435,Intro,"Relative to job creation, workforce development and infrastructure investment (House, No. 4483) (being the text of Senate, No. 2423, printed as amended)",7/14/16,2016,0
39%,MA,S154,Intro,For legislation relative to the fair distribution and pricing of event tickets. Consumer Protection and Professional Licensure.,2/22/18,2018,1
20%,MA,S133,Intro,For legislation to reform the issuance and sale of sports and entertainment tickets. Consumer Protection and Professional Licensure.,6/14/18,2018,1
20%,MA,H1991,Intro,Relative to the issuance and sale of sports and entertainment tickets. Consumer Protection and Professional Licensure.,7/2/18,2018,1
25%,MA,S154,Intro,For legislation relative to the fair distribution and pricing of event tickets. Consumer Protection and Professional Licensure.,2/22/18,2018,0
13%,MA,S133,Intro,For legislation to reform the issuance and sale of sports and entertainment tickets. Consumer Protection and Professional Licensure.,6/14/18,2018,0
13%,MA,H1991,Intro,Relative to the issuance and sale of sports and entertainment tickets. Consumer Protection and Professional Licensure.,7/2/18,2018,0
39%,MA,S184,Intro,For legislation relative to the fair distribution and pricing of event tickets. Consumer Protection and Professional Licensure.,2/13/20,2020,1
19%,MA,H315,Intro,Relative to the issuance and sale of sports and entertainment tickets. Consumer Protection and Professional Licensure.,6/1/20,2020,1
19%,MA,S116,Intro,For legislation to reform the issuance and sale of sports and entertainment tickets. Consumer Protection and Professional Licensure.,12/29/20,2020,1
40%,MA,S184,Intro,For legislation relative to the fair distribution and pricing of event tickets. Consumer Protection and Professional Licensure.,2/13/20,2020,0
20%,MA,H315,Intro,Relative to the issuance and sale of sports and entertainment tickets. Consumer Protection and Professional Licensure.,6/1/20,2020,0
20%,MA,S116,Intro,For legislation to reform the issuance and sale of sports and entertainment tickets. Consumer Protection and Professional Licensure.,12/29/20,2020,0
40%,MA,S242,Intro,For legislation relative to the fair distribution and pricing of event tickets. Consumer Protection and Professional Licensure.,2/7/22,2022,1
20%,MA,S174,Intro,For legislation to modernize the issuance and sale of sports and entertainment tickets. Consumer Protection and Professional Licensure.,6/2/22,2022,1
40%,MA,S242,Intro,For legislation relative to the fair distribution and pricing of event tickets. Consumer Protection and Professional Licensure.,2/7/22,2022,0
20%,MA,S174,Intro,For legislation to modernize the issuance and sale of sports and entertainment tickets. Consumer Protection and Professional Licensure.,6/2/22,2022,0
20%,MA,H442,Intro,Relative to the issuance and sale of sports and entertainment tickets. Consumer Protection and Professional Licensure.,1/3/23,2023,1
20%,MA,H442,Intro,Relative to the issuance and sale of sports and entertainment tickets. Consumer Protection and Professional Licensure.,1/3/23,2023,0
26%,MA,S215,Intro,For legislation relative to the fair distribution and pricing of event tickets. Consumer Protection and Professional Licensure.,7/17/23,2023,1
13%,MA,S144,Intro,For legislation to modernize the issuance and sale of sports and entertainment tickets. Consumer Protection and Professional Licensure.,7/17/23,2023,1
13%,MA,H373,Intro,Relative to the issuance and sale of sports and entertainment tickets. Consumer Protection and Professional Licensure.,7/17/23,2023,1
19%,MD,SB881,Intro,"Requiring a ticket issuer, ticket seller, primary ticket sales platform, or secondary ticket exchange to maintain a specified toll-free number and implement a specified refund policy; requiring a refund of a ticket to include a specified amount and s...",3/9/16,2016,1
19%,MD,HB1266,Intro,"Requiring a ticket issuer, ticket seller, primary ticket sales platform, or secondary ticket exchange to maintain a specified toll-free number and implement a specified refund policy; requiring a refund of a ticket to include a specified amount and s...",3/17/16,2016,1
20%,MD,SB892,Intro,"Prohibiting a ticket issuer from using a nontransferable ticketing system under specified circumstances; prohibiting a purchaser or a seller of a ticket from being penalized, discriminated against, or denied access to an event under specified circums...",3/1/17,2017,1
20%,MD,HB1114,Intro,"Prohibiting a ticket issuer from using a nontransferable ticketing system except under specified circumstances; prohibiting a purchaser or a seller of a ticket from being penalized, discriminated against, or denied access to an event under specified ...",3/18/17,2017,1
13%,MD,SB852,Intro,"Requiring a ticket issuer, primary ticket sales platform, or secondary ticket exchange to implement a certain refund policy for tickets to certain entertainment events; prohibiting a ticket issuer or seller from restricting the resale, transfer, or o...",3/3/23,2023,1
13%,MD,HB795,Intro,"Requiring a ticket issuer, primary ticket sales platform, or secondary ticket exchange to implement a certain refund policy for tickets to certain entertainment events; prohibiting a ticket issuer or seller from restricting the resale, transfer, or o...",3/14/23,2023,1
35%,MI,HB5828,Intro,Consumer protection; other; sale or resale of tickets to certain entertainment events and shows; regulate. Creates new act. TIE BAR WITH: HB 5827'12,9/11/12,2012,1
35%,MI,SB1187,Intro,Consumer protection; other; sale or resale of tickets to certain entertainment events and shows; regulate. Creates new act. TIE BAR WITH: SB 1186'12,6/14/12,2012,1
17%,MI,HB5827,Intro,Consumer protection; other; Michigan penal code provision relating to certain events; exclude ticket sales under event tickets act. Amends sec. 465 of 1931 PA 328 (MCL 750.465) & adds sec. 465b. TIE BAR WITH: HB 5828'12,9/11/12,2012,1
17%,MI,SB1186,Intro,Consumer protection; other; Michigan penal code provision relating to certain events; exclude ticket sales under event tickets act. Amends sec. 465 of 1931 PA 328 (MCL 750.465) & adds sec. 465b. TIE BAR WITH: SB 1187'12,6/14/12,2012,1
35%,MI,HB5828,Intro,Consumer protection; other; sale or resale of tickets to certain entertainment events and shows; regulate. Creates new act. TIE BAR WITH: HB 5827'12,9/11/12,2012,0
35%,MI,SB1187,Intro,Consumer protection; other; sale or resale of tickets to certain entertainment events and shows; regulate. Creates new act. TIE BAR WITH: SB 1186'12,6/14/12,2012,0
17%,MI,HB5827,Intro,Consumer protection; other; Michigan penal code provision relating to certain events; exclude ticket sales under event tickets act. Amends sec. 465 of 1931 PA 328 (MCL 750.465) & adds sec. 465b. TIE BAR WITH: HB 5828'12,9/11/12,2012,0
17%,MI,SB1186,Intro,Consumer protection; other; Michigan penal code provision relating to certain events; exclude ticket sales under event tickets act. Amends sec. 465 of 1931 PA 328 (MCL 750.465) & adds sec. 465b. TIE BAR WITH: SB 1187'12,6/14/12,2012,0
17%,MN,SF2703,Intro,Event ticket sale deceptive practices prohibition,2/18/10,2010,1
14%,MN,HF2950,Intro,Deceptive practices prohibited in the sale of event tickets.,2/22/10,2010,1
36%,MN,SF425,Intro,Event ticket practices regulation,2/2/12,2012,1
36%,MN,HF657,Engross,"Event ticket practices regulated, and restrictive ticketing systems permitted.",3/28/12,2012,1
36%,MN,SF425,Intro,Event ticket practices regulation,2/2/12,2012,0
36%,MN,HF657,Engross,"Event ticket practices regulated, and restrictive ticketing systems permitted.",3/28/12,2012,0
36%,MN,SF554,Intro,Event ticket practices regulation,3/21/13,2013,1
36%,MN,HF678,Intro,"Event ticket practices regulated, and minimum standards for consumer protection established.",3/21/13,2013,1
18%,MN,SF555,Intro,Event ticket practices regulation and minimum consumer protection standards,2/21/13,2013,1
18%,MN,HF679,Intro,"Event ticket practices regulated, and minimum standards for consumer protection established.",2/25/13,2013,1
36%,MN,SF554,Intro,Event ticket practices regulation,3/21/13,2013,0
36%,MN,HF678,Intro,"Event ticket practices regulated, and minimum standards for consumer protection established.",3/21/13,2013,0
18%,MN,SF555,Intro,Event ticket practices regulation and minimum consumer protection standards,2/21/13,2013,0
18%,MN,HF679,Intro,"Event ticket practices regulated, and minimum standards for consumer protection established.",2/25/13,2013,0
13%,MN,HF3809,Intro,Event ticket format and transferability regulated.,4/6/16,2016,1
13%,MN,SF3463,Intro,Event tickets transferability and format regulation,4/6/16,2016,1
19%,MN,HF3809,Intro,Event ticket format and transferability regulated.,4/6/16,2016,0
19%,MN,SF3463,Intro,Event tickets transferability and format regulation,4/6/16,2016,0
19%,MN,SF3022,Intro,Resolution for the State of Minnesota to protect its citizens against unconstitutional and medically irresponsible COVID-19 vaccine mandates,2/10/22,2022,0
19%,MN,HF2348,Intro,COVID-19; a resolution protecting against unconstitutional and medically irresponsible vaccine mandates.,4/24/22,2022,0
19%,MN,SF3022,Intro,Resolution for the State of Minnesota to protect its citizens against unconstitutional and medically irresponsible COVID-19 vaccine mandates,2/10/22,2022,0
19%,MN,HF2348,Intro,COVID-19; a resolution protecting against unconstitutional and medically irresponsible vaccine mandates.,4/24/22,2022,0
24%,MO,SB516,Intro,Bans the sale of event tickets that have a credit card entry restriction to consumers without a signed acknowledgment by the consumer,3/10/15,2015,1
53%,MO,HB2715,Intro,Bans the sale of event tickets that have a credit card entry restriction to consumers without a signed acknowledgment by the consumer,4/14/16,2016,1
17%,MO,SB751,Intro,Modifies provisions relating to event tickets,4/5/16,2016,1
20%,MO,HB255,Intro,Changes the laws regarding the resale of event tickets,4/5/17,2017,1
20%,MO,SB292,Intro,Modifies provisions relating to ticket selling practices,2/1/17,2017,1
20%,MO,HB502,Engross,Modifies provisions relating to fantasy sports contests,4/20/17,2017,0
13%,MO,HB2343,Intro,Changes the laws regarding the resale of event tickets,5/18/18,2018,1
19%,MO,SR203,Intro,Memorializes a COVID-19 Vaccine Bill of Rights,4/6/21,2021,0
15%,NC,S900,Pass,Studies Act of 2010,7/22/10,2010,0
7%,NC,S897,Pass,Appropriations Act of 2010,6/30/10,2010,0
36%,NC,H308,Intro,Admission Ticket Reform Act,5/26/11,2011,1
36%,NC,H308,Intro,Admission Ticket Reform Act,5/26/11,2011,0
35%,NJ,A4347,Intro,Revises law concerning ticket sales.,11/28/11,2011,1
35%,NJ,S2901,Intro,Revises law concerning ticket sales.,5/23/11,2011,1
35%,NJ,A4347,Intro,Revises law concerning ticket sales.,11/28/11,2011,0
35%,NJ,S2901,Intro,Revises law concerning ticket sales.,5/23/11,2011,0
18%,NJ,A236,Intro,Restructures ticket sales law.,1/10/12,2012,1
18%,NJ,A236,Intro,Restructures ticket sales law.,1/10/12,2012,0
35%,NJ,A2258,Engross,Revises law concerning ticket sales.,12/19/13,2013,1
35%,NJ,S875,Intro,Revises law concerning ticket sales.,6/20/13,2013,1
35%,NJ,A2258,Engross,Revises law concerning ticket sales.,12/19/13,2013,0
35%,NJ,S875,Intro,Revises law concerning ticket sales.,6/20/13,2013,0
35%,NJ,S676,Intro,Revises law concerning ticket sales.,1/14/14,2014,1
35%,NJ,A1253,Intro,Revises law concerning ticket sales.,1/16/14,2014,1
26%,NJ,S676,Intro,Revises law concerning ticket sales.,1/14/14,2014,0
26%,NJ,A1253,Intro,Revises law concerning ticket sales.,1/16/14,2014,0
36%,NJ,S52,Intro,Revises law concerning ticket sales.,1/12/16,2016,1
36%,NJ,A1981,Intro,Revises law concerning ticket sales.,1/27/16,2016,1
40%,NJ,S52,Intro,Revises law concerning ticket sales.,1/12/16,2016,0
39%,NJ,A1981,Intro,Revises law concerning ticket sales.,1/27/16,2016,0
26%,NJ,A4259,Pass,Restructures tickets sales law.,8/24/18,2018,1
26%,NJ,S2783,Intro,Restructures tickets sales law.,7/1/18,2018,1
26%,NJ,S1728,Intro,Revises law concerning ticket sales.,2/5/18,2018,1
26%,NJ,A479,Intro,Revises law concerning ticket sales.,1/9/18,2018,1
13%,NJ,A3338,Intro,Limits use of paperless ticketing systems,2/12/18,2018,1
13%,NJ,S926,Intro,Prohibits places of entertainment from contracting with only one ticket issuer under certain circumstances.,1/16/18,2018,1
12%,NJ,A3739,Intro,Prohibits circumventing security measures for certain online ticket sales.,4/5/18,2018,1
40%,NJ,S1728,Intro,Revises law concerning ticket sales.,2/5/18,2018,0
39%,NJ,A479,Intro,Revises law concerning ticket sales.,1/9/18,2018,0
39%,NJ,A4259,Pass,Restructures tickets sales law.,8/24/18,2018,0
39%,NJ,S2783,Intro,Restructures tickets sales law.,7/1/18,2018,0
20%,NJ,A3338,Intro,Limits use of paperless ticketing systems,2/12/18,2018,0
20%,NJ,S926,Intro,Prohibits places of entertainment from contracting with only one ticket issuer under certain circumstances.,1/16/18,2018,0
19%,NJ,A3739,Intro,Prohibits circumventing security measures for certain online ticket sales.,4/5/18,2018,0
20%,NJ,A1511,Intro,Limits use of paperless ticketing systems.,1/14/20,2020,1
19%,NJ,A1513,Intro,Prohibits circumventing security measures for certain online ticket sales.,1/14/20,2020,1
20%,NJ,A1511,Intro,Limits use of paperless ticketing systems.,1/14/20,2020,0
19%,NJ,A1513,Intro,Prohibits circumventing security measures for certain online ticket sales.,1/14/20,2020,0
20%,NJ,A1511,Intro,Limits use of paperless ticketing systems.,1/14/20,2020,0
19%,NJ,A1513,Intro,Prohibits circumventing security measures for certain online ticket sales.,1/14/20,2020,0
26%,NJ,S2801,Intro,Prohibits circumventing security measures for certain online ticket sales.,6/6/22,2022,1
25%,NJ,S3329,Intro,Revises provisions related to selling and reselling of tickets.,11/14/22,2022,1
13%,NJ,A2925,Intro,Limits use of paperless ticketing systems.,2/28/22,2022,1
12%,NJ,A195,Intro,Prohibits circumventing security measures for certain online ticket sales.,1/11/22,2022,1
46%,NJ,AR179,Intro,Urges Congress to respond to consolidation of ticket sale industry.,2/28/23,2023,1
25%,NJ,A5639,Intro,Prohibits sale of tickets not in reseller's possession.,6/20/23,2023,1
25%,NJ,S4031,Intro,Prohibits sale of tickets not in reseller's possession.,6/26/23,2023,1
25%,NJ,A5287,Intro,Establishes requirements for fee disclosure and for fees allowed as part of sale for certain tickets.,2/28/23,2023,1
12%,NJ,A5289,Intro,Requires certain notice when redirecting consumers to website for ticket resale and establishes certain requirements for websites offering tickets for resale.,2/28/23,2023,1
9%,NJ,A5638,Intro,Requires Division of Consumer Affairs display list of all registered ticket brokers on division's website.,6/20/23,2023,1
9%,NJ,S3995,Intro,Requires Division of Consumer Affairs display list of all registered ticket brokers on division's website.,6/26/23,2023,1
13%,NY,A07950,Intro,"The purpose of this bill is to extend the ticket resale law changes first enacted in 2007 fifty weeks until May 15, 2010, to have a report generated in regards to article 25 of the arts and culture law, and to prohibit operator's agents from selling ...",6/9/09,2009,1
17%,NY,S05039,Intro,Relates to resale of tickets to places of entertainment; provides for the regulation of boxing and wrestling relating to tickets to places of entertainment.,1/4/12,2012,1
17%,NY,S05039,Intro,Relates to resale of tickets to places of entertainment; provides for the regulation of boxing and wrestling relating to tickets to places of entertainment.,1/4/12,2012,0
17%,NY,S00210,Intro,Relates to resale of tickets to places of entertainment; provides for the regulation of boxing and wrestling relating to tickets to places of entertainment.,1/31/14,2014,1
17%,NY,S00210,Intro,Relates to resale of tickets to places of entertainment; provides for the regulation of boxing and wrestling relating to tickets to places of entertainment.,1/31/14,2014,0
12%,NY,S00192,Intro,Relates to resale of tickets to places of entertainment; provides for the regulation of boxing and wrestling relating to tickets to places of entertainment.,2/5/16,2016,1
17%,NY,S00192,Intro,Relates to resale of tickets to places of entertainment; provides for the regulation of boxing and wrestling relating to tickets to places of entertainment.,2/5/16,2016,0
19%,NY,S08501,Pass,Relates to the sale of tickets to places of entertainment; establishes notice and disclosure requirements for the sale or resale of tickets.,7/1/18,2018,1
19%,NY,A08245,Intro,Relates to the sale of tickets to places of entertainment; establishes notice and disclosure requirements for the sale or resale of tickets.,6/20/18,2018,1
19%,NY,A02895,Intro,Relates to resale of tickets to places of entertainment; provides for the regulation of boxing and wrestling relating to tickets to places of entertainment.,1/3/18,2018,1
12%,NY,S08501,Pass,Relates to the sale of tickets to places of entertainment; establishes notice and disclosure requirements for the sale or resale of tickets.,7/1/18,2018,0
12%,NY,A08245,Intro,Relates to the sale of tickets to places of entertainment; establishes notice and disclosure requirements for the sale or resale of tickets.,6/20/18,2018,0
12%,NY,A02895,Intro,Relates to resale of tickets to places of entertainment; provides for the regulation of boxing and wrestling relating to tickets to places of entertainment.,1/3/18,2018,0
19%,NY,A01534,Intro,Relates to resale of tickets to places of entertainment; provides for the regulation of boxing and wrestling relating to tickets to places of entertainment.,1/8/20,2020,0
19%,NY,A01534,Intro,Relates to resale of tickets to places of entertainment; provides for the regulation of boxing and wrestling relating to tickets to places of entertainment.,1/8/20,2020,0
19%,NY,S06716,Intro,Enacts into law components of legislation that relate to live event ticket sales; institutes civil penalties for utilizing ticket purchasing software; increases civil penalties currently in place; institutes new penalties for second offenses for lice...,5/17/22,2022,1
19%,NY,A04013,Intro,Relates to resale of tickets to places of entertainment; provides for the regulation of boxing and wrestling relating to tickets to places of entertainment.,1/5/22,2022,0
19%,NY,A07100,Intro,"Prohibits mandatory COVID-19 vaccination; limits civil liability of employers; prohibits requiring vaccination for education, employment, travel or other activities; enacts a vaccine bill of rights.",1/5/22,2022,0
19%,NY,S06716,Intro,Enacts into law components of legislation that relate to live event ticket sales; institutes civil penalties for utilizing ticket purchasing software; increases civil penalties currently in place; institutes new penalties for second offenses for lice...,5/17/22,2022,0
19%,NY,A04013,Intro,Relates to resale of tickets to places of entertainment; provides for the regulation of boxing and wrestling relating to tickets to places of entertainment.,1/5/22,2022,0
19%,NY,A07100,Intro,"Prohibits mandatory COVID-19 vaccination; limits civil liability of employers; prohibits requiring vaccination for education, employment, travel or other activities; enacts a vaccine bill of rights.",1/5/22,2022,0
12%,NY,A05881,Intro,"Enacts into law components of legislation that relate to live event ticket sales; institutes civil penalties for utilizing ticket purchasing software; institutes new penalties for second offenses for licensees and for any person, firm, corporation or...",3/23/23,2023,1
12%,NY,S04923,Intro,"Enacts into law components of legislation that relate to live event ticket sales; institutes civil penalties for utilizing ticket purchasing software; institutes new penalties for second offenses for licensees and for any person, firm, corporation or...",2/17/23,2023,1
12%,NY,A06454,Intro,"Prohibits mandatory COVID-19 vaccination; limits civil liability of employers; prohibits requiring vaccination for education, employment, travel or other activities; enacts a vaccine bill of rights.",4/11/23,2023,0
20%,PA,HB1439,Intro,"An Act prohibiting vaccination, isolation and quarantine mandates, vaccination without consent and vaccination mandates by business entities and ticket issuers; and imposing penalties.",5/17/21,2021,0
20%,PA,HB1225,Intro,"An Act prohibiting the requirement of vaccinations by certain public and private entities, protecting freedom of worship, maintaining the openness of the Pennsylvania State Capitol Building and legislative meetings and proceedings, protecting the ope...",4/20/21,2021,0
20%,PA,HB1439,Intro,"An Act prohibiting vaccination, isolation and quarantine mandates, vaccination without consent and vaccination mandates by business entities and ticket issuers; and imposing penalties.",5/17/21,2021,0
20%,PA,HB1225,Intro,"An Act prohibiting the requirement of vaccinations by certain public and private entities, protecting freedom of worship, maintaining the openness of the Pennsylvania State Capitol Building and legislative meetings and proceedings, protecting the ope...",4/20/21,2021,0
13%,PA,HB1413,Intro,"An Act prohibiting the requirement of vaccinations by certain public and private entities, protecting freedom of worship, maintaining the openness of the Pennsylvania State Capitol Building and legislative meetings and proceedings, protecting the ope...",6/14/23,2023,0
35%,RI,S2658,Intro,"Enact the ""Fair Access to Tickets and Ticket Brokers Act"" which would regulate the sale and resale of event tickets, and would require registration of ticket brokers with the department of business regulation.",3/4/14,2014,1
35%,RI,H7543,Intro,"Enact the ""Fair Access to Tickets and Ticket Brokers Act"" which would regulate the sale and resale of event tickets, and would require registration of ticket brokers with the department of business regulation.",4/4/14,2014,1
13%,RI,H7971,Intro,"Ticket resellers required to provide refund for counterfeit, misrepresented and unusable tickets. Ticket issuers would offer optional transferable tickets and eliminates criminal penalty.",4/10/18,2018,1
13%,RI,S2618,Intro,"Ticket resellers required to provide refund for counterfeit, misrepresented and unusable tickets. Ticket issuers would offer optional transferable tickets and eliminates criminal penalty.",4/11/18,2018,1
20%,RI,H5362,Intro,"Provides regulations for the reselling of tickets for entertainment events including regulations for refunds, counterfeit ticket sales, delivery of tickets and deceptive ticket sales websites.",2/26/19,2019,1
20%,RI,S0623,Intro,"Provides regulations for the reselling of tickets for entertainment events including regulations for refunds, counterfeit ticket sales, delivery of tickets and deceptive ticket sales websites.",4/24/19,2019,1
19%,SC,S0558,Intro,Event ticket resale,3/16/17,2017,1
12%,SC,S0558,Intro,Event ticket resale,3/16/17,2017,0
19%,SC,H3988,Intro,Memorialize the US Congress re: Vaccination Bill of Rights,4/20/21,2021,0
19%,SC,H3988,Intro,Memorialize the US Congress re: Vaccination Bill of Rights,4/20/21,2021,0
35%,TN,HB0005,Intro,"As introduced, enacts the ""Fairness in Ticketing Act."" - Amends TCA Title 47 and Title 62.",2/4/13,2013,1
35%,TN,HB1000,Intro,"As introduced, enacts the ""Fairness in Ticketing Act of 2013."" - Amends TCA Title 62.",4/3/13,2013,1
35%,TN,SB0609,Intro,"As introduced, enacts the ""Fairness in Ticketing Act of 2013."" - Amends TCA Title 62.",4/18/13,2013,1
35%,TN,HB0005,Intro,"As introduced, enacts the ""Fairness in Ticketing Act."" - Amends TCA Title 47 and Title 62.",2/4/13,2013,0
35%,TN,HB1000,Intro,"As introduced, enacts the ""Fairness in Ticketing Act of 2013."" - Amends TCA Title 62.",4/3/13,2013,0
35%,TN,SB0609,Intro,"As introduced, enacts the ""Fairness in Ticketing Act of 2013."" - Amends TCA Title 62.",4/18/13,2013,0
18%,TN,SB1176,Pass,"As enacted, requires a ticket reseller using a tentative ticket policy to make certain disclosures during a resale transaction of tickets that are not owned or possessed by the reseller, under a contract for transfer to the reseller, in the reseller'...",4/15/19,2019,1
18%,TN,HB1439,Pass,"As enacted, requires a ticket reseller using a tentative ticket policy to make certain disclosures during a resale transaction of tickets that are not owned or possessed by the reseller, under a contract for transfer to the reseller, in the reseller'...",4/15/19,2019,1
19%,TN,SB1176,Pass,"As enacted, requires a ticket reseller using a tentative ticket policy to make certain disclosures during a resale transaction of tickets that are not owned or possessed by the reseller, under a contract for transfer to the reseller, in the reseller'...",4/15/19,2019,0
19%,TN,HB1439,Pass,"As enacted, requires a ticket reseller using a tentative ticket policy to make certain disclosures during a resale transaction of tickets that are not owned or possessed by the reseller, under a contract for transfer to the reseller, in the reseller'...",4/15/19,2019,0
25%,TN,SB1043,Pass,"As enacted, requires a third-party ticket reseller, ticket broker, ticket issuer, and ticket resale website to meet certain requirements with regard to selling tickets. - Amends TCA Title 29; Title 39; Title 47; Title 48 and Title 67.",5/24/23,2023,1
25%,TN,HB1231,Pass,"As enacted, requires a third-party ticket reseller, ticket broker, ticket issuer, and ticket resale website to meet certain requirements with regard to selling tickets. - Amends TCA Title 29; Title 39; Title 47; Title 48 and Title 67.",5/24/23,2023,1
52%,TX,HB3041,Intro,Relating to the sale of event tickets; providing penalties.,4/2/13,2013,1
52%,TX,SB1558,Intro,Relating to the sale of event tickets.,3/19/13,2013,1
52%,TX,HB3041,Intro,Relating to the sale of event tickets; providing penalties.,4/2/13,2013,0
52%,TX,SB1558,Intro,Relating to the sale of event tickets.,3/19/13,2013,0
13%,TX,HB3477,Intro,Relating to restrictions on event ticket sales.,4/22/15,2015,1
18%,TX,HB3477,Intro,Relating to restrictions on event ticket sales.,4/22/15,2015,0
19%,TX,HB3745,Engross,Relating to prohibitions in connection with the online sale of goods.,5/26/21,2021,1
19%,TX,HB3745,Engross,Relating to prohibitions in connection with the online sale of goods.,5/26/21,2021,0
25%,TX,HB2444,Intro,Relating to prohibitions in connection with ticket sales on an Internet website; providing a civil penalty.,5/6/23,2023,1
25%,TX,SB1639,Pass,Relating to prohibitions in connection with ticket sales on an Internet website; providing a civil penalty.,5/19/23,2023,1
13%,TX,HB4084,Engross,Relating to certain disclosures and other requirements relating to the sale of concert and other event tickets.,5/16/23,2023,1
53%,US,HB4795,Intro,Ticket Act - Makes it unlawful for any: (1) ticket issuer to prohibit or restrict the resale or offering for resale of an event ticket by a lawful possessor; and (2) person to engage in the primary or resale market for event ticket sales without comp...,3/9/10,2010,1
53%,US,HB950,Intro,Ticket Act - Prohibits any ticket issuer from prohibiting or restricting the resale or offering for resale of an event ticket by a lawful possessor. Includes among prohibited activities: (1) purporting to impose license or contractual terms on the in...,3/11/11,2011,1
53%,US,HB950,Intro,Ticket Act - Prohibits any ticket issuer from prohibiting or restricting the resale or offering for resale of an event ticket by a lawful possessor. Includes among prohibited activities: (1) purporting to impose license or contractual terms on the in...,3/11/11,2011,0
13%,US,SB3183,Pass,"BOTS Act of 2016 Better Online Ticket Sales Act of 2016 (Sec. 2) This bill prohibits the circumvention of a security measure, access control system, or other technological measure on an Internet website or online service of a ticket issuer that is us...",12/14/16,2016,1
19%,US,SB3183,Pass,"BOTS Act of 2016 Better Online Ticket Sales Act of 2016 (Sec. 2) This bill prohibits the circumvention of a security measure, access control system, or other technological measure on an Internet website or online service of a ticket issuer that is us...",12/14/16,2016,0
26%,US,SB3191,Intro,"A bill to improve online ticket sales and protect consumers, and for other purposes.",11/1/23,2023,1
13%,US,SB1303,Intro,A bill to require sellers of event tickets to disclose comprehensive information to consumers about ticket prices and related fees.,9/12/23,2023,1
13%,US,HB3950,Intro,"To require sellers of event tickets to disclose comprehensive information to consumers about ticket prices and related fees, and for other purposes.",12/6/23,2023,1
13%,US,SR169,Intro,A resolution expressing the sense of the Senate that Secretary of Homeland Security Alejandro Nicholas Mayorkas does not have the confidence of the Senate or of the American people to faithfully carry out the duties of his office.,4/20/23,2023,0
11%,US,SB3457,Intro,A bill to promote fairness in the sale of event tickets.,12/7/23,2023,1
12%,UT,HB0457,Engross,Consumer Ticket Protection Amendments,3/8/18,2018,1
19%,UT,HB0128,Pass,Consumer Ticket Protection Modifications,3/22/19,2019,1
19%,UT,SB0069,Pass,Consumer Ticket Protection Amendments,3/27/19,2019,1
12%,UT,SB0138,Pass,Fraudulent Ticket Sales Modifications,3/14/23,2023,1
19%,VA,HB1825,Pass,"Rights to resell tickets; civil penalty. Prohibits any person that issues tickets for admission to a professional concert, professional sporting event, or professional theatrical production, open to the public for which tickets are ordinarily sold, f...",3/3/17,2017,1
19%,VA,SB1425,Pass,"Rights to resell tickets; civil penalty. Prohibits any person that issues tickets for admission to a professional concert, professional sporting event, or professional theatrical production, open to the public for which tickets are ordinarily sold, f...",3/3/17,2017,1
19%,VA,HB1857,Pass,"Internet ticketing platforms and resellers; deceptive trade practices. Prohibits an Internet ticketing platform or reseller, as defined in the bill, from using or displaying any trademarked or copyrighted URL or other mark or symbol of an operator, a...",3/23/23,2023,1
19%,VA,SB1249,Pass,"Internet ticketing platforms and resellers; deceptive trade practices. Prohibits an Internet ticketing platform or reseller, as defined in the bill, from using or displaying any trademarked or copyrighted URL or other mark or symbol of an operator, a...",3/23/23,2023,1
19%,WA,SB6488,Intro,Concerning ticket sales over the internet.,2/2/18,2018,1
19%,WA,HB2921,Intro,Concerning ticket sales over the internet.,2/5/18,2018,1
12%,WA,SB6488,Intro,Concerning ticket sales over the internet.,2/2/18,2018,0
12%,WA,HB2921,Intro,Concerning ticket sales over the internet.,2/5/18,2018,0
12%,WA,HB1648,Intro,Concerning ticket sales.,2/24/23,2023,1
17%,WI,AB656,Fail,The local regulation of ticket selling and providing a penalty.,4/28/10,2010,1
17%,WI,SB458,Engross,The local regulation of ticket selling and providing a penalty.,4/28/10,2010,1
24%,NH,SB328,Intro,Relative to deceptive ticket sale practices.,12/8/23,2023,1
24%,US,HB6568,Intro,STOP Act of 2023 Speculative Ticketing Oversight and Prohibition Act,12/4/23,2023,1
100%,US,SB2957,Intro,BOSS and SWIFT ACT of 2023 Better Oversight of Stub Sales and Strengthening Well Informed and Fair Transactions for Audiences of Concert Ticketing Act of 2023,9/27/23,2023,1
99%,US,HB3660,Intro,BOSS and SWIFT ACT of 2023 Better Oversight of Stub Sales and Strengthening Well Informed and Fair Transactions for Audiences of Concert Ticketing Act of 2023,5/26/23,2023,1